sku,product_id
UFS389006DA,gid://shopify/Product/15159056269472
HTG-PCG,gid://shopify/Product/15159056105632
UFA40012,gid://shopify/Product/15159056072864
UFA40010,gid://shopify/Product/15159056040096
UFF516000,gid://shopify/Product/15159055974560
UFX209070(150),gid://shopify/Product/15159055941792
UFC408451,gid://shopify/Product/15159055909024
UFX207001,gid://shopify/Product/15159056007328
UFT551080DK,gid://shopify/Product/15159055876256
UFT510010DK,gid://shopify/Product/15159055843488
UFT510010RK,gid://shopify/Product/15159055810720
UFT510010BK,gid://shopify/Product/15159055745184
UFT510007BK,gid://shopify/Product/15159055777952
UFT510007RK,gid://shopify/Product/15159055679648
UFT510007DK,gid://shopify/Product/15159055712416
UFA30401,gid://shopify/Product/15159055646880
UFA40110,gid://shopify/Product/15159055614112
UFA30080,gid://shopify/Product/15159055483040
UFA30050,gid://shopify/Product/15159055515808
UFA30311(W),gid://shopify/Product/15159055450272
UFS330008(SS),gid://shopify/Product/15159055220896
T90DAVI-WMA,gid://shopify/Product/15131210383520
DTP2000,gid://shopify/Product/15131210350752
515639,gid://shopify/Product/15131210219680
UFS310090R,gid://shopify/Product/15131210154144
UFS310090,gid://shopify/Product/15131210121376
APEX01,gid://shopify/Product/15131210088608
LSGF-1520-PCY,gid://shopify/Product/15096618713248
8530912,gid://shopify/Product/15096671043744
9503679,gid://shopify/Product/15096666652832
3100268,gid://shopify/Product/15096666488992
2000044,gid://shopify/Product/15096666456224
RL30SSZ,gid://shopify/Product/15096666423456
RL100GZ,gid://shopify/Product/15096666390688
RL50TZ,gid://shopify/Product/15096666357920
RL25ATZ,gid://shopify/Product/15096666325152
RL30GZ,gid://shopify/Product/15096666292384
R50SS,gid://shopify/Product/15096666259616
R50G,gid://shopify/Product/15096666226848
RL50SS,gid://shopify/Product/15096666194080
RL50GZ,gid://shopify/Product/15096666128544
XR-11S,gid://shopify/Product/15096666161312
XR-30T,gid://shopify/Product/15096666095776
RG8-13-0Z,gid://shopify/Product/15096666063008
XR-30S-SSHW,gid://shopify/Product/15096666030240
RG4Z-13-0Z,gid://shopify/Product/15096665997472
XR-30S,gid://shopify/Product/15096665964704
RL25ASZ,gid://shopify/Product/15096665931936
RG1-13-0,gid://shopify/Product/15096665899168
XR-50LEG,gid://shopify/Product/15096665833632
XR-30LEG,gid://shopify/Product/15096665866400
XR-20LEG,gid://shopify/Product/15096665800864
M2RG-0SZ,gid://shopify/Product/15096665768096
MRG4Z-0SZ,gid://shopify/Product/15096665735328
MRG3A-8A,gid://shopify/Product/15096665702560
MRG1-0SZ,gid://shopify/Product/15096665637024
MRG3-4Z,gid://shopify/Product/15096665669792
M2RG-4Z,gid://shopify/Product/15096665604256
M2RG-0Z,gid://shopify/Product/15096665571488
BWSD-2,gid://shopify/Product/15096665538720
BWSD-1,gid://shopify/Product/15096665473184
1003220,gid://shopify/Product/15096665145504
8516824,gid://shopify/Product/15096665112736
8510207,gid://shopify/Product/15096665079968
8549915,gid://shopify/Product/15096665014432
8518270,gid://shopify/Product/15096665047200
8510568,gid://shopify/Product/15096664981664
8510501,gid://shopify/Product/15096664948896
8511892,gid://shopify/Product/15096664916128
8520886,gid://shopify/Product/15096664883360
8511401,gid://shopify/Product/15096664817824
8511384,gid://shopify/Product/15096664785056
8520267,gid://shopify/Product/15096664850592
8510140,gid://shopify/Product/15096664752288
8514461,gid://shopify/Product/15096664719520
8530690,gid://shopify/Product/15096664686752
3m-8518243,gid://shopify/Product/15096664653984
501916,gid://shopify/Product/15096664555680
UFT555002,gid://shopify/Product/15096664522912
UFT555201,gid://shopify/Product/15096664490144
UFT555101,gid://shopify/Product/15096664457376
UFT556101,gid://shopify/Product/15096664424608
UFT556201,gid://shopify/Product/15096664391840
UFT556001,gid://shopify/Product/15096664359072
UFT555001,gid://shopify/Product/15096664326304
UFT551031BK,gid://shopify/Product/15096664293536
UFT551031DK,gid://shopify/Product/15096664260768
UFT551021BK,gid://shopify/Product/15096664228000
UFT551021DK,gid://shopify/Product/15096664195232
UFT551011BK,gid://shopify/Product/15096664162464
UFT551011DK,gid://shopify/Product/15096664129696
UFT551080,gid://shopify/Product/15096664096928
UFA30020,gid://shopify/Product/15096663998624
3100573,gid://shopify/Product/15096663965856
3100579,gid://shopify/Product/15096663933088
3100585,gid://shopify/Product/15096663900320
3100578,gid://shopify/Product/15096663834784
3100582,gid://shopify/Product/15096663769248
3100587,gid://shopify/Product/15096663867552
3100580,gid://shopify/Product/15096663736480
3100555,gid://shopify/Product/15096663703712
3100568,gid://shopify/Product/15096663670944
3100570,gid://shopify/Product/15096663802016
3100586,gid://shopify/Product/15096663605408
3100583,gid://shopify/Product/15096663638176
3100571,gid://shopify/Product/15096663572640
3100569,gid://shopify/Product/15096663507104
3100560,gid://shopify/Product/15096663474336
3100618,gid://shopify/Product/15096663441568
3100617,gid://shopify/Product/15096663408800
3500287,gid://shopify/Product/15096663376032
3500297,gid://shopify/Product/15096663343264
3503885,gid://shopify/Product/15096663277728
3503887,gid://shopify/Product/15096663244960
3503883,gid://shopify/Product/15096663310496
3503886,gid://shopify/Product/15096663146656
3503882,gid://shopify/Product/15096663212192
3400172,gid://shopify/Product/15096663179424
3503884,gid://shopify/Product/15096663113888
3500091,gid://shopify/Product/15096663081120
3500090,gid://shopify/Product/15096663048352
3400165,gid://shopify/Product/15096662982816
3400162,gid://shopify/Product/15096662950048
3503889,gid://shopify/Product/15096662917280
3503888,gid://shopify/Product/15096662884512
8517713,gid://shopify/Product/15096642601120
8301079,gid://shopify/Product/15096662818976
8301077,gid://shopify/Product/15096662786208
8301097,gid://shopify/Product/15096662753440
8301091,gid://shopify/Product/15096662720672
8301073,gid://shopify/Product/15096662687904
8301071,gid://shopify/Product/15096662655136
8301094,gid://shopify/Product/15096662622368
3400150,gid://shopify/Product/15096659706016
8301092,gid://shopify/Product/15096662556832
8301084,gid://shopify/Product/15096662524064
8301087,gid://shopify/Product/15096662491296
8301082,gid://shopify/Product/15096662458528
22650,gid://shopify/Product/15096662425760
22850BH-ALT,gid://shopify/Product/15096662360224
22850B-HD,gid://shopify/Product/15096662392992
8000141,gid://shopify/Product/15096662294688
8000140,gid://shopify/Product/15096662327456
733-201-001,gid://shopify/Product/15096662196384
M-STC,gid://shopify/Product/15096662163616
3400169,gid://shopify/Product/15096661999776
3400137,gid://shopify/Product/15096661934240
3400141,gid://shopify/Product/15096661901472
3100567,gid://shopify/Product/15096661704864
3100566,gid://shopify/Product/15096661672096
3100565,gid://shopify/Product/15096661639328
3100562,gid://shopify/Product/15096661606560
3100559,gid://shopify/Product/15096661541024
3590298,gid://shopify/Product/15096660918432
3100516,gid://shopify/Product/15096661409952
3590046,gid://shopify/Product/15096660787360
3100515,gid://shopify/Product/15096661442720
3100514,gid://shopify/Product/15096661377184
3100513,gid://shopify/Product/15096661344416
3100512,gid://shopify/Product/15096661278880
3100511,gid://shopify/Product/15096661246112
3100510,gid://shopify/Product/15096661213344
3100509,gid://shopify/Product/15096661180576
3100508,gid://shopify/Product/15096661147808
3100507,gid://shopify/Product/15096661115040
3100506,gid://shopify/Product/15096661082272
3100505,gid://shopify/Product/15096661049504
3100504,gid://shopify/Product/15096661016736
3100503,gid://shopify/Product/15096660983968
3590049,gid://shopify/Product/15096660885664
3590048,gid://shopify/Product/15096660852896
3590047,gid://shopify/Product/15096660820128
8518000,gid://shopify/Product/15096660623520
1760-12-1525,gid://shopify/Product/15096660525216
1770,gid://shopify/Product/15096660492448
1246566,gid://shopify/Product/15096660164768
3590053,gid://shopify/Product/15096660099232
3590052,gid://shopify/Product/15096660132000
3590051,gid://shopify/Product/15096660066464
3590050,gid://shopify/Product/15096660033696
3590039,gid://shopify/Product/15096660000928
3590038,gid://shopify/Product/15096659968160
3590034,gid://shopify/Product/15096659935392
3590035,gid://shopify/Product/15096659902624
3590037,gid://shopify/Product/15096659869856
3590036,gid://shopify/Product/15096659837088
1246337,gid://shopify/Product/15096659804320
3503875,gid://shopify/Product/15096659771552
3400135,gid://shopify/Product/15096659640480
3500283,gid://shopify/Product/15096659607712
3500282,gid://shopify/Product/15096659574944
3500280,gid://shopify/Product/15096659542176
3500279,gid://shopify/Product/15096659509408
3500278,gid://shopify/Product/15096659476640
3500277,gid://shopify/Product/15096659443872
3500276,gid://shopify/Product/15096659411104
3503890,gid://shopify/Product/15096659247264
3503880,gid://shopify/Product/15096659181728
3503850,gid://shopify/Product/15096659148960
3100616,gid://shopify/Product/15096659116192
3100615,gid://shopify/Product/15096659083424
3100612,gid://shopify/Product/15096659017888
3100611,gid://shopify/Product/15096658952352
UFS570030,gid://shopify/Product/15096658821280
3100594,gid://shopify/Product/15096658395296
3100598,gid://shopify/Product/15096658133152
1000570,gid://shopify/Product/15096657969312
MZ14,gid://shopify/Product/15096657936544
CH15-64PC,gid://shopify/Product/15096657903776
LSGPS,gid://shopify/Product/15096657707168
UFH10241G,gid://shopify/Product/15096657641632
3400147,gid://shopify/Product/15096657576096
3400148,gid://shopify/Product/15096657543328
3400134,gid://shopify/Product/15096657510560
UFH15231Q,gid://shopify/Product/15096657412256
3100526,gid://shopify/Product/15096657117344
3100525,gid://shopify/Product/15096657084576
3100524,gid://shopify/Product/15096657051808
3100554,gid://shopify/Product/15096657019040
3100553,gid://shopify/Product/15096656986272
3100552,gid://shopify/Product/15096656953504
3100551,gid://shopify/Product/15096656920736
3100550,gid://shopify/Product/15096656887968
3100549,gid://shopify/Product/15096656855200
3100548,gid://shopify/Product/15096656822432
3100547,gid://shopify/Product/15096656789664
3100546,gid://shopify/Product/15096656756896
3100542,gid://shopify/Product/15096656724128
3100541,gid://shopify/Product/15096656691360
3100540,gid://shopify/Product/15096656658592
3100539,gid://shopify/Product/15096656625824
3100538,gid://shopify/Product/15096656593056
3100537,gid://shopify/Product/15096656560288
3100536,gid://shopify/Product/15096656527520
3100535,gid://shopify/Product/15096656494752
3100534,gid://shopify/Product/15096656429216
3100533,gid://shopify/Product/15096656461984
3100532,gid://shopify/Product/15096656396448
3100531,gid://shopify/Product/15096656363680
3100530,gid://shopify/Product/15096656330912
3100529,gid://shopify/Product/15096656298144
3100528,gid://shopify/Product/15096656265376
3100527,gid://shopify/Product/15096656232608
3100523,gid://shopify/Product/15096656199840
3100522,gid://shopify/Product/15096656167072
3100521,gid://shopify/Product/15096656134304
3100520,gid://shopify/Product/15096656101536
3100519,gid://shopify/Product/15096656068768
3100518,gid://shopify/Product/15096656036000
3100517,gid://shopify/Product/15096656003232
PD10-KIT,gid://shopify/Product/15096655872160
PD10,gid://shopify/Product/15096655839392
PD5,gid://shopify/Product/15096655806624
PD6,gid://shopify/Product/15096655773856
PD8,gid://shopify/Product/15096655741088
PD7,gid://shopify/Product/15096655708320
FCPD300,gid://shopify/Product/15096655675552
FCPQ200,gid://shopify/Product/15096655642784
PD2,gid://shopify/Product/15096655610016
PD1,gid://shopify/Product/15096655577248
UFS480020L,gid://shopify/Product/15096655544480
3320051,gid://shopify/Product/15096655511712
3320052,gid://shopify/Product/15096655478944
3320053,gid://shopify/Product/15096655446176
UFA30090,gid://shopify/Product/15096655380640
8512285,gid://shopify/Product/15096655315104
1401114,gid://shopify/Product/15096655347872
EPAGS-2442-PCY,gid://shopify/Product/15096655282336
UFB101050,gid://shopify/Product/15096655085728
UFB101025,gid://shopify/Product/15096654987424
UFB501125(L-XL),gid://shopify/Product/15096654921888
UFS570100,gid://shopify/Product/15096654954656
UFS310100,gid://shopify/Product/15096654889120
UFS310080L,gid://shopify/Product/15096654856352
UFS570060,gid://shopify/Product/15096654823584
UFS480050L,gid://shopify/Product/15096654790816
UFS480050,gid://shopify/Product/15096654725280
UFS310150,gid://shopify/Product/15096654758048
UFS310050,gid://shopify/Product/15096654692512
UFS480030,gid://shopify/Product/15096654659744
UFS310130,gid://shopify/Product/15096654626976
UFS310020,gid://shopify/Product/15096654528672
UFS310100R,gid://shopify/Product/15096654430368
1246525,gid://shopify/Product/15096654299296
3503878,gid://shopify/Product/15096653611168
3503874,gid://shopify/Product/15096653578400
3503872,gid://shopify/Product/15096653545632
T90DAVI-FFA,gid://shopify/Product/15096653480096
T90DAVI-CMA,gid://shopify/Product/15096653414560
DM3000,gid://shopify/Product/15096653447328
DT1000,gid://shopify/Product/15096653381792
TU28,gid://shopify/Product/15096653316256
1246524,gid://shopify/Product/15096653283488
1246519,gid://shopify/Product/15096653250720
TU17,gid://shopify/Product/15096652955808
1113458,gid://shopify/Product/15096652726432
8530853,gid://shopify/Product/15096652365984
7241183,gid://shopify/Product/15096652333216
3511785,gid://shopify/Product/15096652202144
3511783,gid://shopify/Product/15096652169376
3511598,gid://shopify/Product/15096652136608
3511063,gid://shopify/Product/15096652103840
2104713,gid://shopify/Product/15096651841696
1402169,gid://shopify/Product/15096651808928
1402154,gid://shopify/Product/15096651776160
1402124,gid://shopify/Product/15096651743392
1402144,gid://shopify/Product/15096651710624
1402114,gid://shopify/Product/15096651645088
1402109,gid://shopify/Product/15096651677856
1402098,gid://shopify/Product/15096651612320
1402092,gid://shopify/Product/15096651579552
2103671,gid://shopify/Product/15096651546784
1402086,gid://shopify/Product/15096651514016
1402070,gid://shopify/Product/15096651481248
1402019,gid://shopify/Product/15096651448480
1402014,gid://shopify/Product/15096651415712
1402009,gid://shopify/Product/15096651382944
1402004,gid://shopify/Product/15096651350176
3100414,gid://shopify/Product/15096651317408
3100413,gid://shopify/Product/15096651284640
3100412,gid://shopify/Product/15096651251872
3100405,gid://shopify/Product/15096651219104
3100404,gid://shopify/Product/15096651186336
3100402,gid://shopify/Product/15096651153568
3100401,gid://shopify/Product/15096651120800
3100400,gid://shopify/Product/15096651088032
XL71,gid://shopify/Product/15096650629280
G72,gid://shopify/Product/15096650760352
A71,gid://shopify/Product/15096650530976
500742,gid://shopify/Product/15096650432672
500297,gid://shopify/Product/15096650334368
BWSD,gid://shopify/Product/15096650268832
502201,gid://shopify/Product/15096650236064
1113708,gid://shopify/Product/15096650039456
1113308,gid://shopify/Product/15096650006688
1113453,gid://shopify/Product/15096649973920
1403073,gid://shopify/Product/15096649941152
1403097,gid://shopify/Product/15096649908384
1113219,gid://shopify/Product/15096649875616
1403092,gid://shopify/Product/15096649842848
1140191,gid://shopify/Product/15096649810080
1140185,gid://shopify/Product/15096649744544
1403052,gid://shopify/Product/15096649711776
1113424,gid://shopify/Product/15096649679008
1140137,gid://shopify/Product/15096649646240
1140131,gid://shopify/Product/15096649613472
1403107,gid://shopify/Product/15096649580704
1401059,gid://shopify/Product/15096649056416
1401054,gid://shopify/Product/15096649023648
1401099,gid://shopify/Product/15096648990880
1401144,gid://shopify/Product/15096648958112
1401049,gid://shopify/Product/15096648925344
1401074,gid://shopify/Product/15096648827040
1401039,gid://shopify/Product/15096648892576
1401034,gid://shopify/Product/15096648794272
1401029,gid://shopify/Product/15096648761504
1401024,gid://shopify/Product/15096648728736
1401019,gid://shopify/Product/15096648695968
1401094,gid://shopify/Product/15096648663200
LSG-ALU,gid://shopify/Product/15096648630432
1113037-1113043,gid://shopify/Product/15096648564896
1402020,gid://shopify/Product/15096648499360
PDS-LIT1,gid://shopify/Product/15096648433824
514255,gid://shopify/Product/15096648401056
LSGPSD,gid://shopify/Product/15096648368288
LSG,gid://shopify/Product/15096618352800
C1000,gid://shopify/Product/15096648204448
2000117,gid://shopify/Product/15096648171680
1246416,gid://shopify/Product/15096647942304
1341002,gid://shopify/Product/15096647909536
8510827,gid://shopify/Product/15096647876768
8510826,gid://shopify/Product/15096647844000
PLG-60-PCY,gid://shopify/Product/15096647811232
3101574,gid://shopify/Product/15096647778464
3101575,gid://shopify/Product/15096647745696
3101565,gid://shopify/Product/15096647712928
3101563,gid://shopify/Product/15096647680160
3101562,gid://shopify/Product/15096647647392
3101540,gid://shopify/Product/15096647614624
3101539,gid://shopify/Product/15096647581856
3101538,gid://shopify/Product/15096647549088
3101537,gid://shopify/Product/15096647516320
3101536,gid://shopify/Product/15096647450784
3101535,gid://shopify/Product/15096647483552
3101534,gid://shopify/Product/15096647418016
3101533,gid://shopify/Product/15096647352480
3101531,gid://shopify/Product/15096647319712
3101530,gid://shopify/Product/15096647286944
3101529,gid://shopify/Product/15096647254176
3101528,gid://shopify/Product/15096647221408
3101527,gid://shopify/Product/15096647188640
3101526,gid://shopify/Product/15096647123104
3101505,gid://shopify/Product/15096647155872
3101504,gid://shopify/Product/15096647057568
3101503,gid://shopify/Product/15096647090336
3101502,gid://shopify/Product/15096647024800
3101500,gid://shopify/Product/15096646992032
3101499,gid://shopify/Product/15096646959264
3101498,gid://shopify/Product/15096646926496
3101495,gid://shopify/Product/15096646893728
3101496,gid://shopify/Product/15096646860960
3101493,gid://shopify/Product/15096646828192
3101492,gid://shopify/Product/15096646795424
3101491,gid://shopify/Product/15096646762656
3101473,gid://shopify/Product/15096646729888
3101471,gid://shopify/Product/15096646697120
3101469,gid://shopify/Product/15096646664352
3101468,gid://shopify/Product/15096646631584
3101374,gid://shopify/Product/15096646598816
3101373,gid://shopify/Product/15096646566048
3101368,gid://shopify/Product/15096646533280
3101367,gid://shopify/Product/15096646500512
3101366,gid://shopify/Product/15096646467744
3101365,gid://shopify/Product/15096646434976
3101344,gid://shopify/Product/15096646402208
3101326,gid://shopify/Product/15096646369440
3101322,gid://shopify/Product/15096646336672
3101300,gid://shopify/Product/15096646303904
3101275,gid://shopify/Product/15096646271136
3101253,gid://shopify/Product/15096646238368
3101239,gid://shopify/Product/15096646205600
3101240,gid://shopify/Product/15096646172832
3101218,gid://shopify/Product/15096646140064
3101216,gid://shopify/Product/15096646107296
1113378,gid://shopify/Product/15096645976224
2200085,gid://shopify/Product/15096645714080
1107800,gid://shopify/Product/15096645681312
3100403,gid://shopify/Product/15096645648544
7401033,gid://shopify/Product/15096645615776
7401032,gid://shopify/Product/15096645550240
7401013,gid://shopify/Product/15096645517472
7401031,gid://shopify/Product/15096645484704
3504600,gid://shopify/Product/15096645451936
8530914,gid://shopify/Product/15096645419168
8530907,gid://shopify/Product/15096645353632
8530905,gid://shopify/Product/15096645320864
8530889,gid://shopify/Product/15096645288096
8530888,gid://shopify/Product/15096645255328
8530887,gid://shopify/Product/15096645222560
8530902,gid://shopify/Product/15096645189792
8530896,gid://shopify/Product/15096645157024
8530891,gid://shopify/Product/15096645091488
8530777,gid://shopify/Product/15096645386400
8512936,gid://shopify/Product/15096645058720
8530911,gid://shopify/Product/15096645025952
8530908,gid://shopify/Product/15096644993184
8530885,gid://shopify/Product/15096644960416
8530873,gid://shopify/Product/15096644927648
8530872,gid://shopify/Product/15096644894880
8530871,gid://shopify/Product/15096644862112
8530870,gid://shopify/Product/15096644829344
8530882,gid://shopify/Product/15096644796576
3501695,gid://shopify/Product/15096644731040
3501694,gid://shopify/Product/15096644698272
3103873,gid://shopify/Product/15096644632736
3103872,gid://shopify/Product/15096644599968
3103866,gid://shopify/Product/15096644665504
3103865,gid://shopify/Product/15096644567200
2190074,gid://shopify/Product/15096644501664
2190073,gid://shopify/Product/15096644468896
2190071,gid://shopify/Product/15096644436128
TGB001,gid://shopify/Product/15096644370592
1500160,gid://shopify/Product/15096636440736
1500135,gid://shopify/Product/15096644305056
500482-fb,gid://shopify/Product/15096644173984
515088,gid://shopify/Product/15096644141216
EPAG-2148-PCY,gid://shopify/Product/15096644108448
1110201,gid://shopify/Product/15096644075680
2104531,gid://shopify/Product/15096651940000
2104703,gid://shopify/Product/15096643911840
2190072,gid://shopify/Product/15096643846304
2103680,gid://shopify/Product/15096643813536
2190063,gid://shopify/Product/15096643780768
2190057,gid://shopify/Product/15096643748000
AN220A,gid://shopify/Product/15096643682464
AJ720A,gid://shopify/Product/15096643649696
AJ408AG4,gid://shopify/Product/15096643616928
2100193,gid://shopify/Product/15096643584160
100034,gid://shopify/Product/15096643518624
2100185,gid://shopify/Product/15096643387552
1231460,gid://shopify/Product/15096643322016
1385000,gid://shopify/Product/15096643289248
1824,gid://shopify/Product/15131209269408
300037,gid://shopify/Product/15096643125408
500122,gid://shopify/Product/15096643092640
bw-sr2000-finish,gid://shopify/Product/15096643059872
500131,gid://shopify/Product/15096643027104
8530427,gid://shopify/Product/15096642994336
8530361,gid://shopify/Product/15096642961568
8530345,gid://shopify/Product/15096642928800
8530288,gid://shopify/Product/15096642896032
8530397,gid://shopify/Product/15096642863264
8530210,gid://shopify/Product/15096642830496
8530314,gid://shopify/Product/15096642797728
8530162,gid://shopify/Product/15096642764960
8530320,gid://shopify/Product/15096642732192
8517719,gid://shopify/Product/15096642699424
8560027,gid://shopify/Product/15096642666656
8517761,gid://shopify/Product/15096642568352
8530563,gid://shopify/Product/15096642535584
8530621,gid://shopify/Product/15096642502816
8530565,gid://shopify/Product/15096642470048
8530564,gid://shopify/Product/15096642437280
8530538,gid://shopify/Product/15096642371744
8530571,gid://shopify/Product/15096642338976
8560433,gid://shopify/Product/15096642404512
8517755,gid://shopify/Product/15096642273440
8530579,gid://shopify/Product/15096642240672
3303018,gid://shopify/Product/15096642207904
8516294,gid://shopify/Product/15096642175136
8516316,gid://shopify/Product/15096642109600
8700577,gid://shopify/Product/15096642076832
8700578,gid://shopify/Product/15096642142368
3320037,gid://shopify/Product/15096642044064
3320031,gid://shopify/Product/15096642011296
8900299,gid://shopify/Product/15096641978528
8900298,gid://shopify/Product/15096641945760
8900294,gid://shopify/Product/15096641912992
1206001,gid://shopify/Product/15096641847456
2103189,gid://shopify/Product/15096641880224
3600100,gid://shopify/Product/15096641749152
9508289,gid://shopify/Product/15096641716384
3320014,gid://shopify/Product/15096641683616
3325050,gid://shopify/Product/15096641618080
8516693,gid://shopify/Product/15096641519776
8516692,gid://shopify/Product/15096641487008
8510816,gid://shopify/Product/15096641454240
8517412,gid://shopify/Product/15096641421472
8516996,gid://shopify/Product/15096641388704
8516691,gid://shopify/Product/15096641355936
8513330,gid://shopify/Product/15096641323168
8513329,gid://shopify/Product/15096641290400
8512292,gid://shopify/Product/15096641224864
8510224,gid://shopify/Product/15096641257632
8512293,gid://shopify/Product/15096641192096
8513159,gid://shopify/Product/15096641126560
8513158,gid://shopify/Product/15096641093792
9503095,gid://shopify/Product/15096641061024
9503094,gid://shopify/Product/15096641028256
8003205,gid://shopify/Product/15096640995488
8005048,gid://shopify/Product/15096640962720
8003238,gid://shopify/Product/15096640929952
8000010,gid://shopify/Product/15096640897184
8000000,gid://shopify/Product/15096640864416
8301069,gid://shopify/Product/15096640798880
8301065,gid://shopify/Product/15096640831648
8301044,gid://shopify/Product/15096640766112
8301096,gid://shopify/Product/15096640700576
8301036,gid://shopify/Product/15096641159328
8300041,gid://shopify/Product/15096640667808
8301067,gid://shopify/Product/15096640635040
8301063,gid://shopify/Product/15096640602272
8301042,gid://shopify/Product/15096640536736
8301031,gid://shopify/Product/15096640733344
8300035,gid://shopify/Product/15096640503968
8300033,gid://shopify/Product/15096640471200
8300031,gid://shopify/Product/15096640438432
8518005,gid://shopify/Product/15096640405664
8518008,gid://shopify/Product/15096640372896
8515162,gid://shopify/Product/15096640340128
8516563,gid://shopify/Product/15096640274592
8512831,gid://shopify/Product/15096640307360
8512827,gid://shopify/Product/15096640241824
8510316,gid://shopify/Product/15096640209056
8518348,gid://shopify/Product/15096640176288
8516191,gid://shopify/Product/15096640143520
8510110,gid://shopify/Product/15096640110752
8510109,gid://shopify/Product/15096640077984
8518347,gid://shopify/Product/15096640045216
8516190,gid://shopify/Product/15096640012448
8510311,gid://shopify/Product/15096639979680
8512828,gid://shopify/Product/15096639946912
8518004,gid://shopify/Product/15096639914144
8518003,gid://shopify/Product/15096639881376
8518002,gid://shopify/Product/15096639848608
8518509,gid://shopify/Product/15096639815840
8518006,gid://shopify/Product/15096639783072
8518001,gid://shopify/Product/15096639750304
8518387,gid://shopify/Product/15096639717536
8518386,gid://shopify/Product/15096639684768
8518385,gid://shopify/Product/15096639652000
8518384,gid://shopify/Product/15096639619232
8518383,gid://shopify/Product/15096639586464
8518382,gid://shopify/Product/15096639553696
8302500,gid://shopify/Product/15096639520928
3400924,gid://shopify/Product/15096639422624
3501103,gid://shopify/Product/15096639389856
3501102,gid://shopify/Product/15096639357088
8102050,gid://shopify/Product/15096639324320
8102007,gid://shopify/Product/15096639291552
8102005,gid://shopify/Product/15096639258784
8518589,gid://shopify/Product/15096639226016
8518587,gid://shopify/Product/15096639193248
8518564,gid://shopify/Product/15096639160480
8518582,gid://shopify/Product/15096639127712
8518580,gid://shopify/Product/15096639094944
8518040,gid://shopify/Product/15096639062176
8530352,gid://shopify/Product/15096639029408
5000401,gid://shopify/Product/15096638963872
5000400,gid://shopify/Product/15096638931104
5000338,gid://shopify/Product/15096638898336
5000335,gid://shopify/Product/15096638865568
AC202D,gid://shopify/Product/15096638800032
5000003,gid://shopify/Product/15096638767264
1340005,gid://shopify/Product/15096638734496
6100140,gid://shopify/Product/15096638701728
6100457,gid://shopify/Product/15096638668960
6100400,gid://shopify/Product/15096638636192
6107010,gid://shopify/Product/15096638603424
6106010,gid://shopify/Product/15096638570656
6104010,gid://shopify/Product/15096638537888
6105010,gid://shopify/Product/15096638505120
6116618,gid://shopify/Product/15096638472352
6116636,gid://shopify/Product/15096638406816
6116638,gid://shopify/Product/15096638439584
6116634,gid://shopify/Product/15096638374048
6116635,gid://shopify/Product/15096638341280
6116633,gid://shopify/Product/15096638308512
6116632,gid://shopify/Product/15096638242976
6116631,gid://shopify/Product/15096638177440
6119050,gid://shopify/Product/15096638210208
6160054,gid://shopify/Product/15096638275744
6160030,gid://shopify/Product/15096638144672
6118020,gid://shopify/Product/15096638111904
1500086,gid://shopify/Product/15096638079136
1500084,gid://shopify/Product/15096638046368
1500082,gid://shopify/Product/15096638013600
1500081,gid://shopify/Product/15096637980832
1500075,gid://shopify/Product/15096637948064
1500138,gid://shopify/Product/15096637915296
1500140,gid://shopify/Product/15096637882528
1500139,gid://shopify/Product/15096637849760
1500134,gid://shopify/Product/15096637816992
1500133,gid://shopify/Product/15096637751456
1500128,gid://shopify/Product/15096637784224
1500127,gid://shopify/Product/15096637718688
1500126,gid://shopify/Product/15096637685920
1500125,gid://shopify/Product/15096637653152
1500124,gid://shopify/Product/15096637620384
1500131,gid://shopify/Product/15096637587616
1500130,gid://shopify/Product/15096637554848
1500132,gid://shopify/Product/15096637489312
1500122,gid://shopify/Product/15096637522080
1500118,gid://shopify/Product/15096637456544
1500114,gid://shopify/Product/15096637423776
1500112,gid://shopify/Product/15096637358240
1500090,gid://shopify/Product/15096637325472
1500092,gid://shopify/Product/15096637292704
1500091,gid://shopify/Product/15096637259936
1500089,gid://shopify/Product/15096637227168
1500088,gid://shopify/Product/15096637194400
1500094,gid://shopify/Product/15096637161632
1500093,gid://shopify/Product/15096637128864
1500097,gid://shopify/Product/15096637096096
1500096,gid://shopify/Product/15096637063328
1500095,gid://shopify/Product/15096637030560
1500100,gid://shopify/Product/15096636997792
1500099,gid://shopify/Product/15096636965024
1500098,gid://shopify/Product/15096636899488
1500109,gid://shopify/Product/15096636932256
1500108,gid://shopify/Product/15096636866720
1500107,gid://shopify/Product/15096636833952
1500106,gid://shopify/Product/15096636801184
1500105,gid://shopify/Product/15096636768416
1500104,gid://shopify/Product/15096636735648
1500102,gid://shopify/Product/15096636702880
1500052,gid://shopify/Product/15096636670112
1500051,gid://shopify/Product/15096636604576
1500050,gid://shopify/Product/15096636637344
1500057,gid://shopify/Product/15096636571808
1500156,gid://shopify/Product/15096636539040
1500161,gid://shopify/Product/15096636506272
1500178,gid://shopify/Product/15096636473504
1500159,gid://shopify/Product/15096636440736
1500067,gid://shopify/Product/15096636407968
1500065,gid://shopify/Product/15096636375200
1500060,gid://shopify/Product/15096636342432
1500059,gid://shopify/Product/15096636309664
1500049,gid://shopify/Product/15096636276896
1500048,gid://shopify/Product/15096636244128
1500026,gid://shopify/Product/15096636178592
1500010,gid://shopify/Product/15096636211360
1500030,gid://shopify/Product/15096636145824
1500009,gid://shopify/Product/15096636113056
1500023,gid://shopify/Product/15096636080288
1500022,gid://shopify/Product/15096636047520
1500021,gid://shopify/Product/15096636014752
1500020,gid://shopify/Product/15096635981984
1500019,gid://shopify/Product/15096635949216
1500017,gid://shopify/Product/15096635916448
1500015,gid://shopify/Product/15096635883680
1500013,gid://shopify/Product/15096635850912
1500011,gid://shopify/Product/15096635818144
1500174,gid://shopify/Product/15096635752608
1500171,gid://shopify/Product/15096635785376
1500007,gid://shopify/Product/15096635719840
1500005,gid://shopify/Product/15096635654304
1500003,gid://shopify/Product/15096635687072
1500001,gid://shopify/Product/15096635621536
3590020,gid://shopify/Product/15096635588768
3590019,gid://shopify/Product/15096635556000
3100427,gid://shopify/Product/15096635523232
3590016,gid://shopify/Product/15096635457696
3100426,gid://shopify/Product/15096635424928
3100425,gid://shopify/Product/15096635392160
3590631,gid://shopify/Product/15096635359392
3590641,gid://shopify/Product/15096635326624
3590630,gid://shopify/Product/15096635293856
3590640,gid://shopify/Product/15096635261088
3590670,gid://shopify/Product/15096635490464
3590680,gid://shopify/Product/15096635228320
3590681,gid://shopify/Product/15096635195552
3590671,gid://shopify/Product/15096635162784
3590543,gid://shopify/Product/15096635097248
3590501,gid://shopify/Product/15096635130016
3590510,gid://shopify/Product/15096635064480
3590500,gid://shopify/Product/15096635031712
3590511,gid://shopify/Product/15096634998944
3590590,gid://shopify/Product/15096634966176
3590601,gid://shopify/Product/15096634933408
3590591,gid://shopify/Product/15096634900640
3590600,gid://shopify/Product/15096634867872
3591007,gid://shopify/Product/15096634835104
3591006,gid://shopify/Product/15096634802336
3591000,gid://shopify/Product/15096634769568
3591001,gid://shopify/Product/15096634736800
3590546,gid://shopify/Product/15096634671264
3590551,gid://shopify/Product/15096634704032
3590561,gid://shopify/Product/15096634638496
3590550,gid://shopify/Product/15096634605728
3590560,gid://shopify/Product/15096634572960
3590509,gid://shopify/Product/15096634540192
3590517,gid://shopify/Product/15096634507424
3100433,gid://shopify/Product/15096634474656
3590504,gid://shopify/Product/15096634409120
3100431,gid://shopify/Product/15096634441888
3590514,gid://shopify/Product/15096634376352
3504551,gid://shopify/Product/15096634310816
3504550,gid://shopify/Product/15096634343584
3504480,gid://shopify/Product/15096634278048
3504453,gid://shopify/Product/15096634245280
3504487,gid://shopify/Product/15096634212512
3504486,gid://shopify/Product/15096634179744
3504485,gid://shopify/Product/15096634146976
3504452,gid://shopify/Product/15096634114208
3504450,gid://shopify/Product/15096634081440
3504446,gid://shopify/Product/15096634048672
3504445,gid://shopify/Product/15096634015904
3504438,gid://shopify/Product/15096633983136
3504437,gid://shopify/Product/15096633950368
3504434,gid://shopify/Product/15096633917600
3504433,gid://shopify/Product/15096633884832
3504432,gid://shopify/Product/15096633852064
3504431,gid://shopify/Product/15096633819296
3504500,gid://shopify/Product/15096633786528
3504430,gid://shopify/Product/15096633753760
3504422,gid://shopify/Product/15096633720992
3500225,gid://shopify/Product/15096633688224
3500228,gid://shopify/Product/15096633655456
3500227,gid://shopify/Product/15096633622688
3500231,gid://shopify/Product/15096633589920
3500246,gid://shopify/Product/15096633557152
3500249,gid://shopify/Product/15096633524384
3500257,gid://shopify/Product/15096633491616
3500226,gid://shopify/Product/15096633458848
3500216,gid://shopify/Product/15096633426080
3500213,gid://shopify/Product/15096633393312
3500210,gid://shopify/Product/15096633360544
3500214,gid://shopify/Product/15096633327776
3500258,gid://shopify/Product/15096633295008
3500248,gid://shopify/Product/15096633262240
3101663,gid://shopify/Product/15096633229472
3101280,gid://shopify/Product/15096633196704
3101277,gid://shopify/Product/15096633163936
3101278,gid://shopify/Product/15096633131168
3101276,gid://shopify/Product/15096633098400
3101279,gid://shopify/Product/15096633065632
3101673,gid://shopify/Product/15096633032864
3101250,gid://shopify/Product/15096633000096
3101254,gid://shopify/Product/15096632967328
3101211,gid://shopify/Product/15096632934560
3101210,gid://shopify/Product/15096632869024
3101252,gid://shopify/Product/15096632836256
3101217,gid://shopify/Product/15096632803488
3101236,gid://shopify/Product/15096632901792
3101235,gid://shopify/Product/15096632770720
3101214,gid://shopify/Product/15096632737952
3101215,gid://shopify/Product/15096632705184
3101229,gid://shopify/Product/15096632672416
3101227,gid://shopify/Product/15096632639648
3101225,gid://shopify/Product/15096632606880
3101226,gid://shopify/Product/15096632574112
3101228,gid://shopify/Product/15096632541344
3503822,gid://shopify/Product/15096632508576
3503820,gid://shopify/Product/15096632475808
3503879,gid://shopify/Product/15096632443040
3503823,gid://shopify/Product/15096632410272
3503821,gid://shopify/Product/15096632377504
3503804,gid://shopify/Product/15096632344736
3503824,gid://shopify/Product/15096632311968
3503803,gid://shopify/Product/15096632279200
3503801,gid://shopify/Product/15096632246432
3503800,gid://shopify/Product/15096632213664
3400976,gid://shopify/Product/15096632180896
3400871,gid://shopify/Product/15096632148128
3400923,gid://shopify/Product/15096632115360
3400171,gid://shopify/Product/15096632082592
3400843,gid://shopify/Product/15096632049824
3400840,gid://shopify/Product/15096631984288
3400870,gid://shopify/Product/15096631951520
3400660,gid://shopify/Product/15096631918752
3400850,gid://shopify/Product/15096631885984
3400852,gid://shopify/Product/15096631853216
3400975,gid://shopify/Product/15096631787680
3400860,gid://shopify/Product/15096631754912
3400902,gid://shopify/Product/15096632017056
3400825,gid://shopify/Product/15096631820448
3400800,gid://shopify/Product/15096631722144
3400900,gid://shopify/Product/15096631689376
3400885,gid://shopify/Product/15096631656608
3400910,gid://shopify/Product/15096631623840
3401002,gid://shopify/Product/15096631591072
3400886,gid://shopify/Product/15096631525536
3400990,gid://shopify/Product/15096631492768
3400991,gid://shopify/Product/15096631460000
3400932,gid://shopify/Product/15096631427232
3400173,gid://shopify/Product/15096631394464
3400853,gid://shopify/Product/15096631361696
3400940,gid://shopify/Product/15096631558304
3400168,gid://shopify/Product/15096631328928
3400802,gid://shopify/Product/15096631296160
3400167,gid://shopify/Product/15096631263392
3400926,gid://shopify/Product/15096631230624
1234092,gid://shopify/Product/15096631034016
1234091,gid://shopify/Product/15096631001248
1234090,gid://shopify/Product/15096630968480
1234089,gid://shopify/Product/15096630935712
1234088,gid://shopify/Product/15096630902944
1234087,gid://shopify/Product/15096630837408
1234086,gid://shopify/Product/15096630870176
1234085,gid://shopify/Product/15096630804640
1234084,gid://shopify/Product/15096630771872
1204076,gid://shopify/Product/15096630739104
1204075,gid://shopify/Product/15096630673568
1204058,gid://shopify/Product/15096630706336
1204057,gid://shopify/Product/15096630640800
1200136,gid://shopify/Product/15096630608032
1200115,gid://shopify/Product/15096630575264
1200111,gid://shopify/Product/15096630542496
1200110,gid://shopify/Product/15096630476960
1385501,gid://shopify/Product/15096630509728
1385301,gid://shopify/Product/15096630444192
1385101,gid://shopify/Product/15096630411424
1351050,gid://shopify/Product/15096630378656
1351001,gid://shopify/Product/15096630345888
1350200,gid://shopify/Product/15096630313120
1234083,gid://shopify/Product/15096630280352
1234081,gid://shopify/Product/15096630247584
1234080,gid://shopify/Product/15096630214816
1234071,gid://shopify/Product/15096630182048
1234070,gid://shopify/Product/15096630149280
1234030,gid://shopify/Product/15096630116512
1232314,gid://shopify/Product/15096630083744
1232306,gid://shopify/Product/15096630050976
5920059,gid://shopify/Product/15096630018208
5920051,gid://shopify/Product/15096629952672
5920050,gid://shopify/Product/15096629985440
1231520,gid://shopify/Product/15096629919904
1231389,gid://shopify/Product/15096629887136
1231380,gid://shopify/Product/15096629854368
1231117,gid://shopify/Product/15096629821600
1231016,gid://shopify/Product/15096629788832
1231106,gid://shopify/Product/15096629756064
1342250,gid://shopify/Product/15096629723296
1342275,gid://shopify/Product/15096629690528
1342125,gid://shopify/Product/15096629657760
1342101,gid://shopify/Product/15096629624992
1342001,gid://shopify/Product/15096629592224
1340451,gid://shopify/Product/15096629559456
1340200,gid://shopify/Product/15096629526688
1340187,gid://shopify/Product/15096629493920
1340185,gid://shopify/Product/15096629461152
1340180,gid://shopify/Product/15096629428384
1340040,gid://shopify/Product/15096629395616
1340260,gid://shopify/Product/15096629362848
1340401,gid://shopify/Product/15096629330080
1341101,gid://shopify/Product/15096629297312
1341050,gid://shopify/Product/15096629264544
1341001,gid://shopify/Product/15096629231776
1340129,gid://shopify/Product/15096629199008
1340128,gid://shopify/Product/15096629166240
1340125,gid://shopify/Product/15096629133472
1340250,gid://shopify/Product/15096629100704
1340240,gid://shopify/Product/15096629067936
1340230,gid://shopify/Product/15096629002400
1340220,gid://shopify/Product/15096629035168
1340161,gid://shopify/Product/15096628969632
1340141,gid://shopify/Product/15096628936864
1340121,gid://shopify/Product/15096628904096
1340101,gid://shopify/Product/15096628871328
1246415,gid://shopify/Product/15096628838560
1246413,gid://shopify/Product/15096628805792
1246352,gid://shopify/Product/15096628773024
1246161,gid://shopify/Product/15096628740256
1246159,gid://shopify/Product/15096628707488
1246152,gid://shopify/Product/15096628674720
1246150,gid://shopify/Product/15096628641952
1246075,gid://shopify/Product/15096628609184
1246320,gid://shopify/Product/15096628543648
1246032,gid://shopify/Product/15096628576416
1246317,gid://shopify/Product/15096628510880
1246414,gid://shopify/Product/15096628445344
1246173,gid://shopify/Product/15096628478112
1246167,gid://shopify/Product/15096628412576
1246037,gid://shopify/Product/15096628379808
1246226,gid://shopify/Product/15096628347040
1246193,gid://shopify/Product/15096628314272
1246085,gid://shopify/Product/15096628248736
1246177,gid://shopify/Product/15096628281504
1246324,gid://shopify/Product/15096628215968
1246410,gid://shopify/Product/15096628183200
1246412,gid://shopify/Product/15096628150432
1246409,gid://shopify/Product/15096628117664
1246411,gid://shopify/Product/15096628084896
1246306,gid://shopify/Product/15096628052128
1246305,gid://shopify/Product/15096628019360
1246304,gid://shopify/Product/15096627986592
1246309,gid://shopify/Product/15096627953824
1246178,gid://shopify/Product/15096627921056
1246068,gid://shopify/Product/15096627888288
1246261,gid://shopify/Product/15096627855520
1246066,gid://shopify/Product/15096627822752
1246234,gid://shopify/Product/15096627789984
1246188,gid://shopify/Product/15096627757216
1246103,gid://shopify/Product/15096627724448
1246070,gid://shopify/Product/15096627691680
1246203,gid://shopify/Product/15096627658912
1246072,gid://shopify/Product/15096627626144
1246012,gid://shopify/Product/15096627560608
1246011,gid://shopify/Product/15096627593376
1244751,gid://shopify/Product/15096627527840
1244750,gid://shopify/Product/15096627495072
1244455,gid://shopify/Product/15096627462304
1244416,gid://shopify/Product/15096627429536
1244630,gid://shopify/Product/15096627396768
1244409,gid://shopify/Product/15096627364000
1244412,gid://shopify/Product/15096627331232
1244675,gid://shopify/Product/15096627298464
1244448,gid://shopify/Product/15096627265696
1244406,gid://shopify/Product/15096627232928
1244611,gid://shopify/Product/15096627200160
1244310,gid://shopify/Product/15096627134624
1244650,gid://shopify/Product/15096627167392
1244610,gid://shopify/Product/15096627101856
1244360,gid://shopify/Product/15096627069088
1244311,gid://shopify/Product/15096627036320
1244321,gid://shopify/Product/15096627003552
1244306,gid://shopify/Product/15096626970784
1241481,gid://shopify/Product/15096626905248
1241480,gid://shopify/Product/15096626872480
1241463,gid://shopify/Product/15096626839712
1241462,gid://shopify/Product/15096626938016
1241461,gid://shopify/Product/15096626806944
1241460,gid://shopify/Product/15096626774176
1001403,gid://shopify/Product/15096626708640
1000165,gid://shopify/Product/15096626610336
1000025,gid://shopify/Product/15096626643104
1000005,gid://shopify/Product/15096626577568
1090034,gid://shopify/Product/15096626544800
1000748,gid://shopify/Product/15096626512032
1000717,gid://shopify/Product/15096626479264
1001378,gid://shopify/Product/15096626446496
1001090,gid://shopify/Product/15096626413728
1200101,gid://shopify/Product/15096626380960
1200105,gid://shopify/Product/15096626348192
7600580,gid://shopify/Product/15096626315424
8530267,gid://shopify/Product/15096626249888
7400211,gid://shopify/Product/15096626282656
7400222,gid://shopify/Product/15096626217120
7400218,gid://shopify/Product/15096626184352
7403100,gid://shopify/Product/15096626151584
7400203,gid://shopify/Product/15096626118816
7400200,gid://shopify/Product/15096626086048
7400201,gid://shopify/Product/15096626053280
7400260,gid://shopify/Product/15096626020512
7400089,gid://shopify/Product/15096625987744
7400057,gid://shopify/Product/15096625954976
7400008,gid://shopify/Product/15096625922208
7400052,gid://shopify/Product/15096625889440
7400087,gid://shopify/Product/15096625856672
7400045,gid://shopify/Product/15096625823904
7400053,gid://shopify/Product/15096625791136
7400660,gid://shopify/Product/15096625758368
7400460,gid://shopify/Product/15096625692832
7608001,gid://shopify/Product/15096625660064
7608002,gid://shopify/Product/15096625725600
7603180,gid://shopify/Product/15096625594528
7602100,gid://shopify/Product/15096625561760
7600510,gid://shopify/Product/15096625627296
7605060,gid://shopify/Product/15096625528992
2200130,gid://shopify/Product/15096625496224
2200096,gid://shopify/Product/15096625463456
2100142,gid://shopify/Product/15096625397920
2100140,gid://shopify/Product/15096625365152
2100139,gid://shopify/Product/15096625332384
2100138,gid://shopify/Product/15096625299616
2104709,gid://shopify/Product/15096625266848
2104715,gid://shopify/Product/15096625234080
6100564,gid://shopify/Product/15096625201312
2101638,gid://shopify/Product/15096625135776
AN111A,gid://shopify/Product/15096625168544
AN112A,gid://shopify/Product/15096625103008
2000113,gid://shopify/Product/15096625037472
2000300,gid://shopify/Product/15096625004704
2000112,gid://shopify/Product/15096624971936
2000301,gid://shopify/Product/15096624939168
2190102,gid://shopify/Product/15096624840864
5900582,gid://shopify/Product/15096624873632
2105683,gid://shopify/Product/15096624808096
2104541,gid://shopify/Product/15096624775328
2104000,gid://shopify/Product/15096624742560
2103690,gid://shopify/Product/15096624709792
2103677,gid://shopify/Product/15096624677024
2103676,gid://shopify/Product/15096624644256
2103673,gid://shopify/Product/15096624611488
2103670,gid://shopify/Product/15096624578720
2100133,gid://shopify/Product/15096624545952
2108410,gid://shopify/Product/15096624513184
2104819,gid://shopify/Product/15096624480416
8523178,gid://shopify/Product/15096624447648
2190055,gid://shopify/Product/15096624414880
2190053,gid://shopify/Product/15096624382112
2100152,gid://shopify/Product/15096624316576
2100085,gid://shopify/Product/15096624283808
2100222,gid://shopify/Product/15096624251040
2100053,gid://shopify/Product/15096624218272
1231305,gid://shopify/Product/15096624185504
2108403,gid://shopify/Product/15096624152736
2104550,gid://shopify/Product/15096624119968
2103147,gid://shopify/Product/15096624087200
2101002,gid://shopify/Product/15096624054432
2101000,gid://shopify/Product/15096624021664
2101004,gid://shopify/Product/15096623988896
1201391,gid://shopify/Product/15096623956128
5900560,gid://shopify/Product/15096623890592
1002202,gid://shopify/Product/15096623923360
1002106,gid://shopify/Product/15096623857824
1003006,gid://shopify/Product/15096623825056
2200078,gid://shopify/Product/15096623792288
1112558,gid://shopify/Product/15096623759520
1112553,gid://shopify/Product/15096623726752
1112493,gid://shopify/Product/15096623693984
1112498,gid://shopify/Product/15096623661216
1112483,gid://shopify/Product/15096623628448
1112478,gid://shopify/Product/15096623595680
1113373,gid://shopify/Product/15096623562912
1113369,gid://shopify/Product/15096623530144
1113348,gid://shopify/Product/15096623464608
1113338,gid://shopify/Product/15096623497376
1113333,gid://shopify/Product/15096623431840
1113328,gid://shopify/Product/15096623399072
1113323,gid://shopify/Product/15096623366304
1113199,gid://shopify/Product/15096623333536
1113193,gid://shopify/Product/15096623300768
1113115,gid://shopify/Product/15096623268000
1103088,gid://shopify/Product/15096623235232
1113288,gid://shopify/Product/15096623202464
1113293,gid://shopify/Product/15096623169696
1113303,gid://shopify/Product/15096623136928
1113318,gid://shopify/Product/15096623104160
1111303,gid://shopify/Product/15096623038624
1110842,gid://shopify/Product/15096623005856
1110883,gid://shopify/Product/15096622940320
1110873,gid://shopify/Product/15096622907552
1110845,gid://shopify/Product/15096622874784
1110178,gid://shopify/Product/15096622842016
1110128,gid://shopify/Product/15096622809248
1100943,gid://shopify/Product/15096622743712
1110478,gid://shopify/Product/15096622710944
1108519,gid://shopify/Product/15096622678176
1402110,gid://shopify/Product/15096651645088
1108979,gid://shopify/Product/15096622612640
1110815,gid://shopify/Product/15096622579872
1110803,gid://shopify/Product/15096622514336
1110788,gid://shopify/Product/15096622547104
1110754,gid://shopify/Product/15096622481568
1103513,gid://shopify/Product/15096620155040
1102010,gid://shopify/Product/15096620089504
1106112,gid://shopify/Product/15096622383264
1105828,gid://shopify/Product/15096622350496
1110990,gid://shopify/Product/15096622284960
1102952,gid://shopify/Product/15096623071392
1102529,gid://shopify/Product/15096622219424
1102000,gid://shopify/Product/15096622186656
1101812,gid://shopify/Product/15096622153888
1101794,gid://shopify/Product/15096622121120
1101656,gid://shopify/Product/15096622088352
1101257,gid://shopify/Product/15096622055584
1101252,gid://shopify/Product/15096622022816
1100978,gid://shopify/Product/15096621990048
1100938,gid://shopify/Product/15096621957280
1100824,gid://shopify/Product/15096621924512
1100798,gid://shopify/Product/15096621891744
1100788,gid://shopify/Product/15096621858976
1100748,gid://shopify/Product/15096621826208
1100683,gid://shopify/Product/15096621793440
1100635,gid://shopify/Product/15096621760672
1100523,gid://shopify/Product/15096621727904
1106408,gid://shopify/Product/15096621695136
1110831,gid://shopify/Product/15096621662368
1105477,gid://shopify/Product/15096621629600
1161579,gid://shopify/Product/15096621564064
1161569,gid://shopify/Product/15096621531296
1161565,gid://shopify/Product/15096621498528
1161562,gid://shopify/Product/15096621465760
1161558,gid://shopify/Product/15096621432992
1161555,gid://shopify/Product/15096621400224
1161552,gid://shopify/Product/15096621367456
1161545,gid://shopify/Product/15096621334688
1161540,gid://shopify/Product/15096621301920
1161533,gid://shopify/Product/15096621269152
1161530,gid://shopify/Product/15096621203616
1161527,gid://shopify/Product/15096621236384
1161523,gid://shopify/Product/15096621170848
1161516,gid://shopify/Product/15096621138080
1161512,gid://shopify/Product/15096621105312
1161509,gid://shopify/Product/15096621072544
1161505,gid://shopify/Product/15096621039776
1161441,gid://shopify/Product/15096621007008
1161438,gid://shopify/Product/15096620908704
1161435,gid://shopify/Product/15096620941472
1161432,gid://shopify/Product/15096620875936
1161428,gid://shopify/Product/15096620843168
1161425,gid://shopify/Product/15096620810400
1161416,gid://shopify/Product/15096620777632
1161311,gid://shopify/Product/15131207696544
1161307,gid://shopify/Product/15096620679328
1161303,gid://shopify/Product/15096620646560
1161225,gid://shopify/Product/15096620613792
1161222,gid://shopify/Product/15096620581024
1161211,gid://shopify/Product/15096620548256
1161219,gid://shopify/Product/15096620515488
1161208,gid://shopify/Product/15096620482720
1161406,gid://shopify/Product/15096620449952
1161403,gid://shopify/Product/15096620417184
1161419,gid://shopify/Product/15096620384416
AB17560,gid://shopify/Product/15096620351648
AB17550,gid://shopify/Product/15096620318880
AB17520,gid://shopify/Product/15096620286112
AB17510,gid://shopify/Product/15096620253344
AB17530,gid://shopify/Product/15096620220576
AB17540,gid://shopify/Product/15096620187808
1103270,gid://shopify/Product/15096620122272
1107405,gid://shopify/Product/15096620056736
1110727,gid://shopify/Product/15096620023968
1110626,gid://shopify/Product/15096619991200
1110601,gid://shopify/Product/15096619958432
1110578,gid://shopify/Product/15096619925664
1103321,gid://shopify/Product/15096619860128
1110153,gid://shopify/Product/15096619827360
1109728,gid://shopify/Product/15096619794592
1109753,gid://shopify/Product/15096619761824
1110228,gid://shopify/Product/15096619729056
1402140,gid://shopify/Product/15096651710624
1110103,gid://shopify/Product/15096619630752
1110303,gid://shopify/Product/15096619663520
1402125,gid://shopify/Product/15096619597984
1402135,gid://shopify/Product/15096619434144
1108754,gid://shopify/Product/15096619532448
1108682,gid://shopify/Product/15096619466912
1402130,gid://shopify/Product/15096619565216
1402056,gid://shopify/Product/15096653938848
1402040,gid://shopify/Product/15096619368608
1108532,gid://shopify/Product/15096619335840
1108507,gid://shopify/Product/15096619303072
1107981,gid://shopify/Product/15096619237536
1100533,gid://shopify/Product/15096619204768
1112538,gid://shopify/Product/15096619172000
1112583,gid://shopify/Product/15096619139232
1112568,gid://shopify/Product/15096619106464
1112543,gid://shopify/Product/15096619073696
1112503,gid://shopify/Product/15096619040928
1140107,gid://shopify/Product/15096618975392
1113210_ExoFit,gid://shopify/Product/15096618877088
1113218,gid://shopify/Product/15096649875616
1140161,gid://shopify/Product/15096619008160
1113133,gid://shopify/Product/15096618844320
1113100,gid://shopify/Product/15096618778784
1113085,gid://shopify/Product/15096618811552
1113070,gid://shopify/Product/15096618746016
1113055,gid://shopify/Product/15096618909856
1113040,gid://shopify/Product/15096648564896
1113160,gid://shopify/Product/15096648138912
1113001,gid://shopify/Product/15096618483872
sb001,gid://shopify/Product/15096618516640
ESG-120-PCY,gid://shopify/Product/15096618418336
HSF-4848MG,gid://shopify/Product/15096618451104
LSGDBL-15-SS,gid://shopify/Product/15096618385568
LSG-AC2-2206-SST,gid://shopify/Product/15096618647712
ASG-1836-PCY,gid://shopify/Product/15096618582176
LSG-18-GAL,gid://shopify/Product/15096618352800
